{"_runtime":8033,"loss":0.32171571207046507,"input":{"filenames":["media/images/input_49_12335312e5ec6685fbc0.png","media/images/input_49_6655adb4872b3307e351.png","media/images/input_49_d3447d51b37688073ef0.png","media/images/input_49_a1cf62cfe25fdd6dd8ad.png"],"_type":"images/separated","width":64,"height":64,"format":"png","count":4},"training_dir":"/mnt/data/dkx/noise2same.pytorch/results/synthetic/unet/train/2025-11-16_14-43-16","_wandb":{"runtime":8033},"lr":3.90625e-07,"_timestamp":1.7632834377760296e+09,"bsp_mse":0.3135891931951046,"out_raw":{"count":4,"filenames":["media/images/out_raw_49_6898f498048e2cbb4405.png","media/images/out_raw_49_8084899963617163e911.png","media/images/out_raw_49_2a778672892192fb698a.png","media/images/out_raw_49_bcab72e4746885e8ff29.png"],"_type":"images/separated","width":64,"height":64,"format":"png"},"rec_mse":0.3099562423974276,"_step":49,"out_mask":{"count":4,"filenames":["media/images/out_mask_49_5c11831aa95a8547b1d4.png","media/images/out_mask_49_fcfe7cf6a9e037071f47.png","media/images/out_mask_49_0b0bc2e77d81ab5268a2.png","media/images/out_mask_49_f76e604c4cf06f4a08fd.png"],"_type":"images/separated","width":64,"height":64,"format":"png"},"inv_mse":3.477805498005182e-05}